{
    "apps": [
        {
            "appUrl": "",
            "applicationId": "604907844",
            "applicationName": "Ice Cream Truck",
            "applicationText": "",
            "thumbnail": "i_IceCream.jpg",
            "bundleId": "com.tabtale.icecreammaker",
            "installed": false
        },
        {
            "appUrl": "",
            "applicationId": "595303942",
            "applicationName": "Baby Dressup",
            "applicationText": "",
            "thumbnail": "i_Baby.jpg",
            "bundleId": "com.tabtale.babiesdressup",
            "installed": false
        },
        {
            "appUrl": "",
            "applicationId": "435539858",
            "applicationName": "Paint Sparkles",
            "applicationText": "",
            "thumbnail": "i_PaintSparkle.jpg",
            "bundleId": "com.kidsgamesclub.PaintSparkles",
            "installed": false,
            "isFree": false
        }
    ],
    "backgroundImages": [
        "houseAdBack0.jpg",
        "houseAdBack1.jpg",
        "houseAdBack2.jpg"
    ],
    "timeToDisplay": 20
}
